-- --------------------------------------------------------
-- Host:                         127.0.0.1
-- Server version:               5.7.28-log - MySQL Community Server (GPL)
-- Server OS:                    Win64
-- HeidiSQL Version:             12.5.0.6677
-- --------------------------------------------------------

/*!40101 SET @OLD_CHARACTER_SET_CLIENT=@@CHARACTER_SET_CLIENT */;
/*!40101 SET NAMES utf8 */;
/*!50503 SET NAMES utf8mb4 */;
/*!40103 SET @OLD_TIME_ZONE=@@TIME_ZONE */;
/*!40103 SET TIME_ZONE='+00:00' */;
/*!40014 SET @OLD_FOREIGN_KEY_CHECKS=@@FOREIGN_KEY_CHECKS, FOREIGN_KEY_CHECKS=0 */;
/*!40101 SET @OLD_SQL_MODE=@@SQL_MODE, SQL_MODE='NO_AUTO_VALUE_ON_ZERO' */;
/*!40111 SET @OLD_SQL_NOTES=@@SQL_NOTES, SQL_NOTES=0 */;


-- Dumping database structure for banmaylanh
CREATE DATABASE IF NOT EXISTS `banmaylanh` /*!40100 DEFAULT CHARACTER SET utf8mb4 COLLATE utf8mb4_unicode_ci */;
USE `banmaylanh`;

-- Dumping structure for table banmaylanh.activity_histories
CREATE TABLE IF NOT EXISTS `activity_histories` (
  `id` bigint(20) unsigned NOT NULL AUTO_INCREMENT,
  `activity` varchar(255) COLLATE utf8mb4_unicode_ci NOT NULL,
  `object_id` varchar(255) COLLATE utf8mb4_unicode_ci DEFAULT NULL,
  `date_created` datetime NOT NULL,
  `user_id` varchar(255) COLLATE utf8mb4_unicode_ci NOT NULL,
  `type` int(11) DEFAULT NULL,
  PRIMARY KEY (`id`)
) ENGINE=InnoDB AUTO_INCREMENT=8 DEFAULT CHARSET=utf8mb4 COLLATE=utf8mb4_unicode_ci;

-- Dumping data for table banmaylanh.activity_histories: ~6 rows (approximately)
INSERT INTO `activity_histories` (`id`, `activity`, `object_id`, `date_created`, `user_id`, `type`) VALUES
	(1, 'Tạo tài khoản', NULL, '2022-03-25 00:00:00', 'US220117082456', 5),
	(2, 'Đăng nhập vào chương trình', NULL, '2022-03-25 12:00:00', 'US220117082456', 5),
	(3, 'Tạo tài khoản', NULL, '2025-03-16 16:05:26', 'US250316090525', 5),
	(4, 'Đăng nhập vào chương trình', NULL, '2025-03-16 16:05:47', 'US250316090525', 5),
	(5, 'Thêm 1 sản phẩm Máy Lạnh 2123 màu Trắng kích thước S vào giỏ hàng', 'PROD20250313095617_SIZE20220114033140_CL20220114033006', '2025-03-16 16:30:03', 'US250316090525', 2),
	(6, 'Thanh toán hoá đơn 250316_043022 thành công', '250316_043022', '2025-03-16 16:30:22', 'US250316090525', 4),
	(7, 'Xoá danh các sản phẩm khỏi giỏ hàng', NULL, '2025-03-16 16:30:22', 'US250316090525', 2);

-- Dumping structure for table banmaylanh.addresses
CREATE TABLE IF NOT EXISTS `addresses` (
  `id` bigint(20) unsigned NOT NULL AUTO_INCREMENT,
  `info_detail` varchar(255) COLLATE utf8mb4_unicode_ci NOT NULL,
  `city` varchar(255) COLLATE utf8mb4_unicode_ci NOT NULL,
  `district` varchar(255) COLLATE utf8mb4_unicode_ci NOT NULL,
  `commune` varchar(255) COLLATE utf8mb4_unicode_ci NOT NULL,
  `member_id` varchar(255) COLLATE utf8mb4_unicode_ci NOT NULL,
  `status` tinyint(1) NOT NULL DEFAULT '1',
  `created_at` timestamp NULL DEFAULT NULL,
  `updated_at` timestamp NULL DEFAULT NULL,
  PRIMARY KEY (`id`)
) ENGINE=InnoDB DEFAULT CHARSET=utf8mb4 COLLATE=utf8mb4_unicode_ci;

-- Dumping data for table banmaylanh.addresses: ~0 rows (approximately)

-- Dumping structure for table banmaylanh.bills
CREATE TABLE IF NOT EXISTS `bills` (
  `bill_id` varchar(255) COLLATE utf8mb4_unicode_ci NOT NULL,
  `date_order` datetime NOT NULL,
  `date_confirm` datetime DEFAULT NULL,
  `date_delivery` datetime DEFAULT NULL,
  `date_receipt` datetime DEFAULT NULL,
  `date_cancel` datetime DEFAULT NULL,
  `member_id` varchar(255) COLLATE utf8mb4_unicode_ci NOT NULL,
  `shipping_address` varchar(255) COLLATE utf8mb4_unicode_ci NOT NULL,
  `shipping_phone` varchar(255) COLLATE utf8mb4_unicode_ci NOT NULL,
  `receiver` varchar(255) COLLATE utf8mb4_unicode_ci NOT NULL,
  `total_price` bigint(20) NOT NULL,
  `total_quantity` int(10) unsigned NOT NULL,
  `code` varchar(255) COLLATE utf8mb4_unicode_ci DEFAULT NULL,
  `payment` int(11) NOT NULL DEFAULT '0',
  `message` varchar(255) COLLATE utf8mb4_unicode_ci DEFAULT NULL,
  `status` int(11) NOT NULL DEFAULT '-1',
  PRIMARY KEY (`bill_id`)
) ENGINE=InnoDB DEFAULT CHARSET=utf8mb4 COLLATE=utf8mb4_unicode_ci;

-- Dumping data for table banmaylanh.bills: ~11 rows (approximately)
INSERT INTO `bills` (`bill_id`, `date_order`, `date_confirm`, `date_delivery`, `date_receipt`, `date_cancel`, `member_id`, `shipping_address`, `shipping_phone`, `receiver`, `total_price`, `total_quantity`, `code`, `payment`, `message`, `status`) VALUES
	('220212_023224', '2025-03-13 21:34:57', '2022-06-08 12:00:00', NULL, NULL, NULL, 'MB220117032456', 'TP HCM', '0123456789', 'Tài Phạm', 500000, 1, NULL, 1, NULL, 1),
	('220212_025128', '2025-03-13 21:34:57', '2022-06-08 12:00:00', NULL, NULL, NULL, 'MB220117032526', 'TP HCM', '0123456788', 'Nguyen Van A', 1000000, 1, NULL, 1, NULL, 1),
	('220212_025245', '2025-03-13 21:34:57', '2022-06-08 12:00:00', NULL, NULL, NULL, 'MB220117032526', 'TP HCM', '0123456788', 'Nguyen Van A', 350000, 2, NULL, 1, NULL, 1),
	('220212_025746', '2025-03-13 21:34:57', '2022-06-08 12:00:00', NULL, NULL, NULL, 'MB220117032526', 'TP HCM', '0123456788', 'Nguyen Van A', 1400000, 2, NULL, 1, NULL, 1),
	('220212_042607', '2025-03-13 21:34:57', '2022-06-08 12:00:00', NULL, NULL, NULL, 'MB220117032456', 'Tiền Giang', '0123456789', 'Tài Phạm', 500000, 2, NULL, 1, NULL, 1),
	('220212_081848', '2025-03-13 21:34:57', '2022-06-08 12:00:00', NULL, NULL, NULL, 'MB220117032526', 'TP HCM', '0123456789', 'Tài Phạm', 4300000, 2, NULL, 1, NULL, 1),
	('220213_015458', '2025-03-13 21:34:57', '2022-06-08 12:00:00', NULL, NULL, NULL, 'MB220117032526', 'TP HCM', '0123456788', 'Nguyen Van A', 350000, 2, NULL, 1, NULL, 1),
	('220213_025219', '2025-03-13 21:34:57', '2022-06-08 12:00:00', NULL, NULL, NULL, 'MB220117032456', '2 đường 6 quận 6  phường 13 TP HCM', '0828781519', 'Tài Phạm', 1400000, 2, NULL, 1, NULL, 1),
	('220213_030246', '2025-03-13 21:34:57', '2022-06-08 12:00:00', NULL, NULL, NULL, 'MB220117032456', '2 đường 6 quận 6  phường 13 TP HCM', '0123456789', 'Tài Phạm', 350000, 1, NULL, 1, NULL, 1),
	('220213_115627', '2025-03-13 21:34:57', '2022-06-08 12:00:00', NULL, NULL, NULL, 'MB220117032456', '2 đường 6 quận 6  phường 13 TP HCM', '0123456789', 'Tài Phạm', 1600000, 5, NULL, 1, NULL, 1),
	('220214_103710', '2025-03-13 21:34:57', '2022-06-08 12:00:00', NULL, NULL, NULL, 'MB220117032456', '2 đường 6 quận 6  phường 13 TP HCM', '0123456789', 'Tài Phạm', 1200000, 3, NULL, 1, NULL, 1),
	('250316_043022', '2025-03-16 16:30:22', NULL, NULL, NULL, NULL, 'MB250316040526', '261 III, phuoc long B, 9 district, Hcm, Viet Nam', '0974954543', 'Le Tich', 66000, 1, NULL, 0, NULL, -1);

-- Dumping structure for table banmaylanh.bill_details
CREATE TABLE IF NOT EXISTS `bill_details` (
  `bill_detail_id` varchar(255) COLLATE utf8mb4_unicode_ci NOT NULL,
  `bill_id` varchar(255) COLLATE utf8mb4_unicode_ci NOT NULL,
  `product_detail_id` varchar(255) COLLATE utf8mb4_unicode_ci NOT NULL,
  `quantity` int(10) unsigned NOT NULL,
  `price` bigint(20) NOT NULL,
  `total_price` bigint(20) NOT NULL,
  `price_discount` bigint(20) NOT NULL DEFAULT '0',
  `rate_status` int(11) NOT NULL DEFAULT '0',
  PRIMARY KEY (`bill_detail_id`)
) ENGINE=InnoDB DEFAULT CHARSET=utf8mb4 COLLATE=utf8mb4_unicode_ci;

-- Dumping data for table banmaylanh.bill_details: ~4 rows (approximately)
INSERT INTO `bill_details` (`bill_detail_id`, `bill_id`, `product_detail_id`, `quantity`, `price`, `total_price`, `price_discount`, `rate_status`) VALUES
	('PROD20220114045652SIZE20220114033155CL20220114032959220212_023224', '220212_023224', 'PROD20220114045652SIZE20220114033155CL20220114032959', 1, 500000, 500000, 0, 0),
	('PROD20220114045652SIZE20220114033155CL20220114032959220212_025128', '220212_025128', 'PROD20220114045652SIZE20220114033155CL20220114032959', 2, 500000, 1000000, 0, 0),
	('PROD20220114045652SIZE20220114033155CL20220114032959220212_042607', '220212_042607', 'PROD20220114045652SIZE20220114033155CL20220114032959', 1, 500000, 500000, 0, 0),
	('PROD20220114050759SIZE20220114033140CL20220114050515220212_025245', '220212_025245', 'PROD20220114050759SIZE20220114033140CL20220114050515', 1, 350000, 350000, 0, 0),
	('PROD20250313095617_SIZE20220114033140_CL20220114033006250316_043022', '250316_043022', 'PROD20250313095617_SIZE20220114033140_CL20220114033006', 1, 66000, 66000, 0, 0);

-- Dumping structure for table banmaylanh.bill_orders
CREATE TABLE IF NOT EXISTS `bill_orders` (
  `bill_order_id` varchar(255) COLLATE utf8mb4_unicode_ci NOT NULL,
  `stock_id` varchar(255) COLLATE utf8mb4_unicode_ci NOT NULL,
  `producer_id` varchar(255) COLLATE utf8mb4_unicode_ci NOT NULL,
  `user_id` varchar(255) COLLATE utf8mb4_unicode_ci NOT NULL,
  `amount` int(10) unsigned NOT NULL DEFAULT '0',
  `total_price` double NOT NULL,
  `date_order` date NOT NULL,
  `status` tinyint(1) NOT NULL DEFAULT '1',
  PRIMARY KEY (`bill_order_id`)
) ENGINE=InnoDB DEFAULT CHARSET=utf8mb4 COLLATE=utf8mb4_unicode_ci;

-- Dumping data for table banmaylanh.bill_orders: ~21 rows (approximately)
INSERT INTO `bill_orders` (`bill_order_id`, `stock_id`, `producer_id`, `user_id`, `amount`, `total_price`, `date_order`, `status`) VALUES
	('BO20220114084200', 'STOCK01', 'PDC20220114045527', 'US220114082734', 400, 121000000, '2022-01-14', 1),
	('BO20220114084831', 'STOCK01', 'PDC20220114050619', 'US220114082734', 300, 84000000, '2022-01-14', 1),
	('BO20220114085013', 'STOCK01', 'PDC20220114053057', 'US220114082734', 500, 385000000, '2022-01-14', 1),
	('BO20220114085141', 'STOCK01', 'PDC20220114053057', 'US220114082734', 300, 57000000, '2022-01-14', 1),
	('BO20220114085337', 'STOCK01', 'PDC20220114060208', 'US220114082734', 200, 140000000, '2022-01-14', 1),
	('BO20220114085426', 'STOCK01', 'PDC20220114060208', 'US220114082734', 200, 780000000, '2022-01-14', 1),
	('BO20220114085520', 'STOCK01', 'PDC20220114050619', 'US220114082734', 100, 29000000, '2022-01-14', 1),
	('BO20220114085616', 'STOCK01', 'PDC20220114054522', 'US220114082734', 200, 360000000, '2022-01-14', 1),
	('BO20220114085724', 'STOCK01', 'PDC20220114062054', 'US220114082734', 2, 600000, '2022-01-14', 1),
	('BO20220114085922', 'STOCK01', 'PDC20220114061523', 'US220114082734', 300, 75000000, '2022-01-14', 1),
	('BO20220114090213', 'STOCK01', 'PDC20220114054522', 'US220114082734', 400, 120000000, '2022-01-14', 1),
	('BO20220114090410', 'STOCK01', 'PDC20220114051737', 'US220114082734', 400, 120000000, '2022-01-14', 1),
	('BO20220114090512', 'STOCK01', 'PDC20220114051737', 'US220114082734', 300, 60000000, '2022-01-14', 1),
	('BO20220117073249', 'STOCK01', 'PDC20220114053057', 'US220114082734', 1, 190000, '2022-01-17', 1),
	('BO20220117073405', 'STOCK01', 'PDC20220114053057', 'US220114082734', 30, 5700000, '2022-01-17', 1),
	('BO20220117073445', 'STOCK01', 'PDC20220114053057', 'US220114082734', 15, 2850000, '2022-01-17', 1),
	('BO20220118010254', 'STOCK01', 'PDC20220114051737', 'US220114082734', 50, 10000000, '2022-01-18', 1),
	('BO20220118010307', 'STOCK01', 'PDC20220114051737', 'US220114082734', 300, 60000000, '2022-01-18', 1),
	('BO20220118103142', 'STOCK01', 'PDC20220114045527', 'US220114082734', 100, 25000000, '2022-01-18', 1),
	('BO20220213111704', 'STOCK01', 'PDC20220114051737', 'US220114082734', 50, 10000000, '2022-02-13', 1),
	('BO20220608110321', 'STOCK01', 'PDC20220114050619', 'US220117082456', 75, 20250000, '2022-06-08', 1),
	('BO20250316040214', 'STOCK01', 'PDC20250313093648', 'US220114082734', 100, 65000, '2025-03-16', 1);

-- Dumping structure for table banmaylanh.bill_order_details
CREATE TABLE IF NOT EXISTS `bill_order_details` (
  `bill_order_detail_id` varchar(255) COLLATE utf8mb4_unicode_ci NOT NULL,
  `bill_order_id` varchar(255) COLLATE utf8mb4_unicode_ci NOT NULL,
  `product_detail_id` varchar(255) COLLATE utf8mb4_unicode_ci NOT NULL,
  `quantity` int(10) unsigned NOT NULL DEFAULT '0',
  `price_order` double NOT NULL,
  `price_pay` double NOT NULL,
  `total_price` double NOT NULL,
  `status` tinyint(1) NOT NULL DEFAULT '1',
  PRIMARY KEY (`bill_order_detail_id`)
) ENGINE=InnoDB DEFAULT CHARSET=utf8mb4 COLLATE=utf8mb4_unicode_ci;

-- Dumping data for table banmaylanh.bill_order_details: ~8 rows (approximately)
INSERT INTO `bill_order_details` (`bill_order_detail_id`, `bill_order_id`, `product_detail_id`, `quantity`, `price_order`, `price_pay`, `total_price`, `status`) VALUES
	('BO20220114090512PROD20220114051905SIZE20220114033140CL20220114032959', 'BO20220114090512', 'PROD20220114045652SIZE20220114033140CL20220114032959', 100, 200000, 0, 2000000, 1),
	('BO20220114090512PROD20220114051905SIZE20220114033148CL20220114032959', 'BO20220114090512', 'PROD20220114045652SIZE20220114033148CL20220114032959', 100, 200000, 0, 2000000, 1),
	('BO20220117073249PROD20220114054031SIZE20220114052434CL20220114053924', 'BO20220117073249', 'PROD20220114045652SIZE20220114033155CL20220114032959', 1, 190000, 0, 190000, 1),
	('BO20220117073405PROD20220114054031SIZE20220114052419CL20220114053924', 'BO20220117073405', 'PROD20220114045948SIZE20220114033224CL20220114032959', 15, 190000, 0, 2850000, 1),
	('BO20220117073405PROD20220114054031SIZE20220114052434CL20220114032959', 'BO20220117073405', 'PROD20220114050759SIZE20220114033140CL20220114050515', 15, 190000, 0, 2850000, 1),
	('BO20220117073445PROD20220114054031SIZE20220114052434CL20220114053924', 'BO20220117073445', 'PROD20220114061939SIZE20220114061624CL20220114032959', 15, 190000, 0, 2850000, 1),
	('BO20220118010254PROD20220114051905SIZE20220114033024CL20220114032959', 'BO20220118010254', 'PROD20220114050759SIZE20220114033155CL20220114050515', 50, 10000000, 0, 500000000, 1),
	('BO20220608110321PROD20220114050759SIZE20220114033140CL20220114050515', 'BO20220608110321', 'PROD20220114050759SIZE20220114033140CL20220114050515', 75, 20250000, 0, 1518750000, 1),
	('BO20250316040214PROD20250313095617_SIZE20220114033140_CL20220114033006', 'BO20250316040214', 'PROD20250313095617_SIZE20220114033140_CL20220114033006', 100, 65000, 66000, 65000, 1);

-- Dumping structure for table banmaylanh.carts
CREATE TABLE IF NOT EXISTS `carts` (
  `cart_id` varchar(255) COLLATE utf8mb4_unicode_ci NOT NULL,
  `member_id` varchar(255) COLLATE utf8mb4_unicode_ci NOT NULL,
  `product_detail_id` varchar(255) COLLATE utf8mb4_unicode_ci NOT NULL,
  `quantity` int(11) NOT NULL,
  `price_pay` int(11) NOT NULL,
  PRIMARY KEY (`cart_id`)
) ENGINE=InnoDB DEFAULT CHARSET=utf8mb4 COLLATE=utf8mb4_unicode_ci;

-- Dumping data for table banmaylanh.carts: ~2 rows (approximately)
INSERT INTO `carts` (`cart_id`, `member_id`, `product_detail_id`, `quantity`, `price_pay`) VALUES
	('PROD20220114045652SIZE20220114033140CL20220114032959MB220117032456', 'MB220117032456', 'PROD20220114045652SIZE20220114033140CL20220114032959', 30, 500000);

-- Dumping structure for table banmaylanh.categories
CREATE TABLE IF NOT EXISTS `categories` (
  `category_id` varchar(255) COLLATE utf8mb4_unicode_ci NOT NULL,
  `category_name` varchar(255) COLLATE utf8mb4_unicode_ci NOT NULL,
  `suffix_img` varchar(255) COLLATE utf8mb4_unicode_ci NOT NULL,
  `status` tinyint(1) DEFAULT '1',
  `created_at` timestamp NULL DEFAULT NULL,
  `updated_at` timestamp NULL DEFAULT NULL,
  PRIMARY KEY (`category_id`),
  UNIQUE KEY `categories_category_name_unique` (`category_name`)
) ENGINE=InnoDB DEFAULT CHARSET=utf8mb4 COLLATE=utf8mb4_unicode_ci;

-- Dumping data for table banmaylanh.categories: ~2 rows (approximately)
INSERT INTO `categories` (`category_id`, `category_name`, `suffix_img`, `status`, `created_at`, `updated_at`) VALUES
	('CATE20250313214839', 'Máy Lạnh', 'CATE20250313094839.jpg', 1, '2025-03-13 07:48:39', '2025-03-13 07:48:39'),
	('CATE20250313214938', 'máy giặt', 'CATE20250313094938.jpg', 1, '2025-03-13 07:49:38', '2025-03-13 07:49:38');

-- Dumping structure for table banmaylanh.code_resets
CREATE TABLE IF NOT EXISTS `code_resets` (
  `id` bigint(20) unsigned NOT NULL AUTO_INCREMENT,
  `code` int(11) NOT NULL,
  `user_id` varchar(255) COLLATE utf8mb4_unicode_ci NOT NULL,
  `date_created` datetime NOT NULL,
  PRIMARY KEY (`id`)
) ENGINE=InnoDB AUTO_INCREMENT=6 DEFAULT CHARSET=utf8mb4 COLLATE=utf8mb4_unicode_ci;

-- Dumping data for table banmaylanh.code_resets: ~4 rows (approximately)
INSERT INTO `code_resets` (`id`, `code`, `user_id`, `date_created`) VALUES
	(2, 858260, 'US220117082456', '2022-06-08 11:30:03'),
	(3, 299976, 'US220117082456', '2022-06-07 12:22:11'),
	(4, 742365, 'US220117082456', '2022-06-07 12:30:37'),
	(5, 201044, 'US220117082456', '2022-06-08 11:17:58');

-- Dumping structure for table banmaylanh.colors
CREATE TABLE IF NOT EXISTS `colors` (
  `color_id` varchar(255) COLLATE utf8mb4_unicode_ci NOT NULL,
  `color_name` varchar(255) COLLATE utf8mb4_unicode_ci NOT NULL,
  `status` tinyint(1) DEFAULT '1',
  `created_at` timestamp NULL DEFAULT NULL,
  `updated_at` timestamp NULL DEFAULT NULL,
  PRIMARY KEY (`color_id`),
  UNIQUE KEY `colors_color_name_unique` (`color_name`)
) ENGINE=InnoDB DEFAULT CHARSET=utf8mb4 COLLATE=utf8mb4_unicode_ci;

-- Dumping data for table banmaylanh.colors: ~10 rows (approximately)
INSERT INTO `colors` (`color_id`, `color_name`, `status`, `created_at`, `updated_at`) VALUES
	('CL20220114032959', 'Đen', 1, '2025-03-13 14:34:57', '2025-03-13 14:34:57'),
	('CL20220114033006', 'Trắng', 1, '2025-03-13 14:34:57', '2025-03-13 14:34:57'),
	('CL20220114033013', 'Xanh Biển', 1, '2025-03-13 14:34:57', '2025-03-13 14:34:57'),
	('CL20220114033032', 'Cam', 1, '2025-03-13 14:34:57', '2025-03-13 14:34:57'),
	('CL20220114050515', 'Đỏ Tím', 1, '2025-03-13 14:34:57', '2025-03-13 14:34:57'),
	('CL20220114050852', 'Trắng Xanh', 1, '2025-03-13 14:34:57', '2025-03-13 14:34:57'),
	('CL20220114051420', 'Đỏ', 1, '2025-03-13 14:34:57', '2025-03-13 14:34:57'),
	('CL20220114052738', 'Hồng', 1, '2025-03-13 14:34:57', '2025-03-13 14:34:57'),
	('CL20220114060757', 'Xanh Lá Cây', 1, '2025-03-13 14:34:57', '2025-03-13 14:34:57'),
	('CL20220114061200', 'Đen - Xanh Lá Cây', 1, '2025-03-13 14:34:57', '2025-03-13 14:34:57');

-- Dumping structure for table banmaylanh.discount_categories
CREATE TABLE IF NOT EXISTS `discount_categories` (
  `discount_id` varchar(255) COLLATE utf8mb4_unicode_ci NOT NULL,
  `percent_price` double(5,2) NOT NULL,
  `status` tinyint(1) DEFAULT '1',
  `rank_id` varchar(255) COLLATE utf8mb4_unicode_ci NOT NULL,
  `category_id` varchar(255) COLLATE utf8mb4_unicode_ci NOT NULL,
  `created_at` timestamp NULL DEFAULT NULL,
  `updated_at` timestamp NULL DEFAULT NULL,
  PRIMARY KEY (`discount_id`)
) ENGINE=InnoDB DEFAULT CHARSET=utf8mb4 COLLATE=utf8mb4_unicode_ci;

-- Dumping data for table banmaylanh.discount_categories: ~6 rows (approximately)
INSERT INTO `discount_categories` (`discount_id`, `percent_price`, `status`, `rank_id`, `category_id`, `created_at`, `updated_at`) VALUES
	('BRONZECATE20220114152937', 0.01, 1, 'BRONZE', 'CATE20220114152937', '2025-03-13 14:34:57', '2025-03-13 14:34:57'),
	('BRONZECATE20220114152950', 0.05, 1, 'BRONZE', 'CATE20220114152950', '2025-03-13 14:34:57', '2025-03-13 14:34:57'),
	('GOLDCATE20220114152927', 0.05, 1, 'GOLD', 'CATE20220114152927', '2025-03-13 14:34:57', '2025-03-13 14:34:57'),
	('GOLDCATE20220114152950', 0.05, 1, 'GOLD', 'CATE20220114152950', '2025-03-13 14:34:57', '2025-03-13 14:34:57'),
	('LEGENDARYCATE20220114152937', 0.09, 1, 'LEGENDARY', 'CATE20220114152937', '2025-03-13 14:34:57', '2025-03-13 14:34:57'),
	('SLIVERCATE20220114152937', 0.01, 1, 'SLIVER', 'CATE20220114152937', '2025-03-13 14:34:57', '2025-03-13 14:34:57');

-- Dumping structure for table banmaylanh.favourites
CREATE TABLE IF NOT EXISTS `favourites` (
  `favourite_id` varchar(255) COLLATE utf8mb4_unicode_ci NOT NULL,
  `member_id` varchar(255) COLLATE utf8mb4_unicode_ci NOT NULL,
  `product_detail_id` varchar(255) COLLATE utf8mb4_unicode_ci NOT NULL,
  PRIMARY KEY (`favourite_id`)
) ENGINE=InnoDB DEFAULT CHARSET=utf8mb4 COLLATE=utf8mb4_unicode_ci;

-- Dumping data for table banmaylanh.favourites: ~2 rows (approximately)
INSERT INTO `favourites` (`favourite_id`, `member_id`, `product_detail_id`) VALUES
	('MB220117032456PROD20220114062217SIZE20220114061624CL20220114033006', 'MB220117032456', 'PROD20220114045652SIZE20220114033148CL20220114032959'),
	('MB220117032526PROD20220114051514SIZE20220114033155CL20220114051420', 'MB220117032456', 'PROD20220114045652SIZE20220114033155CL20220114032959');

-- Dumping structure for table banmaylanh.images
CREATE TABLE IF NOT EXISTS `images` (
  `img_id` varchar(255) COLLATE utf8mb4_unicode_ci NOT NULL,
  `img_name` varchar(255) COLLATE utf8mb4_unicode_ci NOT NULL,
  `status` tinyint(1) DEFAULT '1',
  `product_id` varchar(255) COLLATE utf8mb4_unicode_ci NOT NULL,
  `color_id` varchar(255) COLLATE utf8mb4_unicode_ci NOT NULL,
  `created_at` timestamp NULL DEFAULT NULL,
  `updated_at` timestamp NULL DEFAULT NULL,
  PRIMARY KEY (`img_id`)
) ENGINE=InnoDB DEFAULT CHARSET=utf8mb4 COLLATE=utf8mb4_unicode_ci;

-- Dumping data for table banmaylanh.images: ~95 rows (approximately)
INSERT INTO `images` (`img_id`, `img_name`, `status`, `product_id`, `color_id`, `created_at`, `updated_at`) VALUES
	('IMG202201140456523', 'PROD2022011404565293.jpg', 1, 'PROD20220114045652', 'CL20220114032959', '2025-03-13 14:34:57', '2025-03-13 14:34:57'),
	('IMG202201140456524', 'PROD202201140456522.jpg', 1, 'PROD20220114045652', 'CL20220114032959', '2025-03-13 14:34:57', '2025-03-13 14:34:57'),
	('IMG2022011404565253', 'PROD2022011404565280.jpg', 1, 'PROD20220114045652', 'CL20220114032959', '2025-03-13 14:34:57', '2025-03-13 14:34:57'),
	('IMG2022011404565254', 'PROD2022011404565290.jpg', 1, 'PROD20220114045652', 'CL20220114032959', '2025-03-13 14:34:57', '2025-03-13 14:34:57'),
	('IMG2022011404594816', 'PROD2022011404594856.jpg', 1, 'PROD20220114045948', 'CL20220114032959', '2025-03-13 14:34:57', '2025-03-13 14:34:57'),
	('IMG2022011404594833', 'PROD2022011404594847.jpg', 1, 'PROD20220114045948', 'CL20220114032959', '2025-03-13 14:34:57', '2025-03-13 14:34:57'),
	('IMG2022011404594869', 'PROD2022011404594813.jpg', 1, 'PROD20220114045948', 'CL20220114032959', '2025-03-13 14:34:57', '2025-03-13 14:34:57'),
	('IMG2022011404594873', 'PROD2022011404594819.jpg', 1, 'PROD20220114045948', 'CL20220114032959', '2025-03-13 14:34:57', '2025-03-13 14:34:57'),
	('IMG2022011404594891', 'PROD2022011404594897.jpg', 1, 'PROD20220114045948', 'CL20220114032959', '2025-03-13 14:34:57', '2025-03-13 14:34:57'),
	('IMG2022011404594896', 'PROD2022011404594857.jpg', 1, 'PROD20220114045948', 'CL20220114032959', '2025-03-13 14:34:57', '2025-03-13 14:34:57'),
	('IMG2022011405075935', 'PROD2022011405075951.jpg', 1, 'PROD20220114050759', 'CL20220114050515', '2025-03-13 14:34:57', '2025-03-13 14:34:57'),
	('IMG2022011405075938', 'PROD2022011405075929.jpg', 1, 'PROD20220114050759', 'CL20220114050515', '2025-03-13 14:34:57', '2025-03-13 14:34:57'),
	('IMG2022011405075983', 'PROD20220114050759100.jpg', 1, 'PROD20220114050759', 'CL20220114050515', '2025-03-13 14:34:57', '2025-03-13 14:34:57'),
	('IMG2022011405075986', 'PROD202201140507594.jpg', 1, 'PROD20220114050759', 'CL20220114050515', '2025-03-13 14:34:57', '2025-03-13 14:34:57'),
	('IMG2022011405112513', 'PROD2022011405112580.jpg', 1, 'PROD20220114051125', 'CL20220114050852', '2025-03-13 14:34:57', '2025-03-13 14:34:57'),
	('IMG2022011405112532', 'PROD2022011405112578.jpg', 1, 'PROD20220114051125', 'CL20220114050852', '2025-03-13 14:34:57', '2025-03-13 14:34:57'),
	('IMG2022011405112538', 'PROD2022011405112523.jpg', 1, 'PROD20220114051125', 'CL20220114050852', '2025-03-13 14:34:57', '2025-03-13 14:34:57'),
	('IMG2022011405112543', 'PROD2022011405112561.jpg', 1, 'PROD20220114051125', 'CL20220114050852', '2025-03-13 14:34:57', '2025-03-13 14:34:57'),
	('IMG2022011405112544', 'PROD2022011405112524.jpg', 1, 'PROD20220114051125', 'CL20220114050852', '2025-03-13 14:34:57', '2025-03-13 14:34:57'),
	('IMG2022011405140243', 'PROD2022011405140250.jpg', 1, 'PROD20220114051402', 'CL20220114032959', '2025-03-13 14:34:57', '2025-03-13 14:34:57'),
	('IMG2022011405140249', 'PROD2022011405140264.jpg', 1, 'PROD20220114051402', 'CL20220114032959', '2025-03-13 14:34:57', '2025-03-13 14:34:57'),
	('IMG2022011405151443', 'PROD2022011405151489.jpg', 1, 'PROD20220114051514', 'CL20220114051420', '2025-03-13 14:34:57', '2025-03-13 14:34:57'),
	('IMG2022011405151447', 'PROD2022011405151447.jpg', 1, 'PROD20220114051514', 'CL20220114051420', '2025-03-13 14:34:57', '2025-03-13 14:34:57'),
	('IMG2022011405190634', 'PROD202201140519059.jpg', 1, 'PROD20220114051905', 'CL20220114032959', '2025-03-13 14:34:57', '2025-03-13 14:34:57'),
	('IMG2022011405190655', 'PROD2022011405190673.jpg', 1, 'PROD20220114051905', 'CL20220114032959', '2025-03-13 14:34:57', '2025-03-13 14:34:57'),
	('IMG202201140525171', 'PROD2022011405251775.jpg', 1, 'PROD20220114052517', 'CL20220114032959', '2025-03-13 14:34:57', '2025-03-13 14:34:57'),
	('IMG20220114052517100', 'PROD2022011405251740.jpg', 1, 'PROD20220114052517', 'CL20220114032959', '2025-03-13 14:34:57', '2025-03-13 14:34:57'),
	('IMG2022011405251711', 'PROD2022011405251729.jpg', 1, 'PROD20220114052517', 'CL20220114032959', '2025-03-13 14:34:57', '2025-03-13 14:34:57'),
	('IMG2022011405251734', 'PROD2022011405251750.jpg', 1, 'PROD20220114052517', 'CL20220114032959', '2025-03-13 14:34:57', '2025-03-13 14:34:57'),
	('IMG2022011405251787', 'PROD2022011405251780.jpg', 1, 'PROD20220114052517', 'CL20220114032959', '2025-03-13 14:34:57', '2025-03-13 14:34:57'),
	('IMG2022011405251789', 'PROD2022011405251769.jpg', 1, 'PROD20220114052517', 'CL20220114032959', '2025-03-13 14:34:57', '2025-03-13 14:34:57'),
	('IMG2022011405335132', 'PROD2022011405335135.jpg', 1, 'PROD20220114053351', 'CL20220114033006', '2025-03-13 14:34:57', '2025-03-13 14:34:57'),
	('IMG2022011405335139', 'PROD2022011405335124.jpg', 1, 'PROD20220114053351', 'CL20220114033006', '2025-03-13 14:34:57', '2025-03-13 14:34:57'),
	('IMG2022011405335149', 'PROD2022011405335152.jpg', 1, 'PROD20220114053351', 'CL20220114033006', '2025-03-13 14:34:57', '2025-03-13 14:34:57'),
	('IMG202201140533515', 'PROD2022011405335167.jpg', 1, 'PROD20220114053351', 'CL20220114033006', '2025-03-13 14:34:57', '2025-03-13 14:34:57'),
	('IMG2022011405335177', 'PROD2022011405335165.jpg', 1, 'PROD20220114053351', 'CL20220114033006', '2025-03-13 14:34:57', '2025-03-13 14:34:57'),
	('IMG2022011405411554', 'PROD2022011405411531.jpg', 1, 'PROD20220114054031', 'CL20220114032959', '2025-03-13 14:34:57', '2025-03-13 14:34:57'),
	('IMG202201140549002', 'PROD2022011405490040.jpg', 1, 'PROD20220114054900', 'CL20220114032959', '2025-03-13 14:34:57', '2025-03-13 14:34:57'),
	('IMG2022011405490024', 'PROD2022011405490066.jpg', 1, 'PROD20220114054900', 'CL20220114032959', '2025-03-13 14:34:57', '2025-03-13 14:34:57'),
	('IMG2022011405490030', 'PROD2022011405490085.jpg', 1, 'PROD20220114054900', 'CL20220114032959', '2025-03-13 14:34:57', '2025-03-13 14:34:57'),
	('IMG2022011405490050', 'PROD202201140549007.jpg', 1, 'PROD20220114054900', 'CL20220114032959', '2025-03-13 14:34:57', '2025-03-13 14:34:57'),
	('IMG2022011405490076', 'PROD2022011405490015.jpg', 1, 'PROD20220114054900', 'CL20220114032959', '2025-03-13 14:34:57', '2025-03-13 14:34:57'),
	('IMG2022011405490080', 'PROD2022011405490025.jpg', 1, 'PROD20220114054900', 'CL20220114032959', '2025-03-13 14:34:57', '2025-03-13 14:34:57'),
	('IMG2022011405490093', 'PROD2022011405490033.jpg', 1, 'PROD20220114054900', 'CL20220114032959', '2025-03-13 14:34:57', '2025-03-13 14:34:57'),
	('IMG2022011405535938', 'PROD202201140553591.jpg', 1, 'PROD20220114055359', 'CL20220114032959', '2025-03-13 14:34:57', '2025-03-13 14:34:57'),
	('IMG2022011405535967', 'PROD2022011405535922.jpg', 1, 'PROD20220114055359', 'CL20220114032959', '2025-03-13 14:34:57', '2025-03-13 14:34:57'),
	('IMG2022011405544861', 'PROD2022011405544870.jpg', 1, 'PROD20220114055359', 'CL20220114033006', '2025-03-13 14:34:57', '2025-03-13 14:34:57'),
	('IMG2022011405544897', 'PROD2022011405544881.jpg', 1, 'PROD20220114055359', 'CL20220114033006', '2025-03-13 14:34:57', '2025-03-13 14:34:57'),
	('IMG2022011405544899', 'PROD202201140554482.jpg', 1, 'PROD20220114055359', 'CL20220114033006', '2025-03-13 14:34:57', '2025-03-13 14:34:57'),
	('IMG20220114060557100', 'PROD20220114060557100.jpg', 1, 'PROD20220114060526', 'CL20220114033013', '2025-03-13 14:34:57', '2025-03-13 14:34:57'),
	('IMG2022011406055722', 'PROD2022011406055787.jpg', 1, 'PROD20220114060526', 'CL20220114033013', '2025-03-13 14:34:57', '2025-03-13 14:34:57'),
	('IMG2022011406055730', 'PROD2022011406055752.jpg', 1, 'PROD20220114060526', 'CL20220114033013', '2025-03-13 14:34:57', '2025-03-13 14:34:57'),
	('IMG2022011406055733', 'PROD2022011406055791.jpg', 1, 'PROD20220114060526', 'CL20220114033013', '2025-03-13 14:34:57', '2025-03-13 14:34:57'),
	('IMG2022011406055776', 'PROD202201140605572.jpg', 1, 'PROD20220114060526', 'CL20220114033013', '2025-03-13 14:34:57', '2025-03-13 14:34:57'),
	('IMG2022011406055781', 'PROD2022011406055752.jpg', 1, 'PROD20220114060526', 'CL20220114033013', '2025-03-13 14:34:57', '2025-03-13 14:34:57'),
	('IMG2022011406055783', 'PROD2022011406055770.jpg', 1, 'PROD20220114060526', 'CL20220114033013', '2025-03-13 14:34:57', '2025-03-13 14:34:57'),
	('IMG2022011406055792', 'PROD2022011406055792.jpg', 1, 'PROD20220114060526', 'CL20220114033013', '2025-03-13 14:34:57', '2025-03-13 14:34:57'),
	('IMG20220114061056100', 'PROD2022011406105668.jpg', 1, 'PROD20220114061056', 'CL20220114060757', '2025-03-13 14:34:57', '2025-03-13 14:34:57'),
	('IMG202201140610562', 'PROD2022011406105645.jpg', 1, 'PROD20220114061056', 'CL20220114060757', '2025-03-13 14:34:57', '2025-03-13 14:34:57'),
	('IMG2022011406105645', 'PROD2022011406105699.jpg', 1, 'PROD20220114061056', 'CL20220114060757', '2025-03-13 14:34:57', '2025-03-13 14:34:57'),
	('IMG2022011406105652', 'PROD2022011406105661.jpg', 1, 'PROD20220114061056', 'CL20220114060757', '2025-03-13 14:34:57', '2025-03-13 14:34:57'),
	('IMG2022011406105654', 'PROD2022011406105610.jpg', 1, 'PROD20220114061056', 'CL20220114060757', '2025-03-13 14:34:57', '2025-03-13 14:34:57'),
	('IMG2022011406105660', 'PROD2022011406105674.jpg', 1, 'PROD20220114061056', 'CL20220114060757', '2025-03-13 14:34:57', '2025-03-13 14:34:57'),
	('IMG2022011406105697', 'PROD2022011406105615.jpg', 1, 'PROD20220114061056', 'CL20220114060757', '2025-03-13 14:34:57', '2025-03-13 14:34:57'),
	('IMG2022011406131034', 'PROD202201140613107.jpg', 1, 'PROD20220114061056', 'CL20220114061200', '2025-03-13 14:34:57', '2025-03-13 14:34:57'),
	('IMG2022011406131042', 'PROD2022011406131084.jpg', 1, 'PROD20220114061056', 'CL20220114061200', '2025-03-13 14:34:57', '2025-03-13 14:34:57'),
	('IMG2022011406131054', 'PROD2022011406131098.jpg', 1, 'PROD20220114061056', 'CL20220114061200', '2025-03-13 14:34:57', '2025-03-13 14:34:57'),
	('IMG2022011406131061', 'PROD2022011406131036.jpg', 1, 'PROD20220114061056', 'CL20220114061200', '2025-03-13 14:34:57', '2025-03-13 14:34:57'),
	('IMG2022011406131075', 'PROD2022011406131089.jpg', 1, 'PROD20220114061056', 'CL20220114061200', '2025-03-13 14:34:57', '2025-03-13 14:34:57'),
	('IMG2022011406131079', 'PROD2022011406131033.jpg', 1, 'PROD20220114061056', 'CL20220114061200', '2025-03-13 14:34:57', '2025-03-13 14:34:57'),
	('IMG2022011406131084', 'PROD2022011406131062.jpg', 1, 'PROD20220114061056', 'CL20220114061200', '2025-03-13 14:34:57', '2025-03-13 14:34:57'),
	('IMG2022011406131093', 'PROD2022011406131017.jpg', 1, 'PROD20220114061056', 'CL20220114061200', '2025-03-13 14:34:57', '2025-03-13 14:34:57'),
	('IMG2022011406193924', 'PROD2022011406193933.jpg', 1, 'PROD20220114061939', 'CL20220114032959', '2025-03-13 14:34:57', '2025-03-13 14:34:57'),
	('IMG2022011406193930', 'PROD2022011406193944.jpg', 1, 'PROD20220114061939', 'CL20220114032959', '2025-03-13 14:34:57', '2025-03-13 14:34:57'),
	('IMG2022011406193936', 'PROD2022011406193954.jpg', 1, 'PROD20220114061939', 'CL20220114032959', '2025-03-13 14:34:57', '2025-03-13 14:34:57'),
	('IMG2022011406193991', 'PROD2022011406193914.jpg', 1, 'PROD20220114061939', 'CL20220114032959', '2025-03-13 14:34:57', '2025-03-13 14:34:57'),
	('IMG2022011406221714', 'PROD2022011406221721.jpg', 1, 'PROD20220114062217', 'CL20220114033006', '2025-03-13 14:34:57', '2025-03-13 14:34:57'),
	('IMG2022011406221753', 'PROD2022011406221719.jpg', 1, 'PROD20220114062217', 'CL20220114033006', '2025-03-13 14:34:57', '2025-03-13 14:34:57'),
	('IMG2022011406221768', 'PROD2022011406221769.jpg', 1, 'PROD20220114062217', 'CL20220114033006', '2025-03-13 14:34:57', '2025-03-13 14:34:57'),
	('IMG2022011406221782', 'PROD2022011406221716.jpg', 1, 'PROD20220114062217', 'CL20220114033006', '2025-03-13 14:34:57', '2025-03-13 14:34:57'),
	('IMG2022011408332615', 'PROD20220114083326129.jpg', 1, 'PROD20220114083326', 'CL20220114033013', '2025-03-13 14:34:57', '2025-03-13 14:34:57'),
	('IMG2022011408332640', 'PROD20220114083326389.jpg', 1, 'PROD20220114083326', 'CL20220114033013', '2025-03-13 14:34:57', '2025-03-13 14:34:57'),
	('IMG2022011408332655', 'PROD20220114083326527.jpg', 1, 'PROD20220114083326', 'CL20220114033013', '2025-03-13 14:34:57', '2025-03-13 14:34:57'),
	('IMG202202101059191', 'PROD202202101059191.jpg', 1, 'PROD20220114052517', 'CL20220114032959', '2025-03-13 14:34:57', '2025-03-13 14:34:57'),
	('IMG202503130954001', 'PROD202503130954001.jpg', 1, 'PROD20250313095400', 'CL20220114033006', '2025-03-13 07:54:00', '2025-03-13 07:54:00'),
	('IMG202503130956171', 'PROD202503130956171.jpg', 1, 'PROD20250313095617', 'CL20220114033006', '2025-03-13 07:56:17', '2025-03-13 07:56:17'),
	('IMG202503131000061', 'PROD202503131000061.jpg', 1, 'PROD20250313095617', 'CL20220114032959', '2025-03-13 08:00:06', '2025-03-13 08:00:06'),
	('IMG202503131006561', 'PROD202503131006561.jpg', 1, 'PROD20250313095617', 'CL20220114033013', '2025-03-13 08:06:56', '2025-03-13 08:06:56'),
	('IMG202503131007351', 'PROD202503131007351.jpg', 1, 'PROD20250313095617', 'CL20220114033006', '2025-03-13 08:07:35', '2025-03-13 08:07:35'),
	('IMG202503131016131', 'PROD202503131016131.jpg', 1, 'PROD20250313095617', 'CL20220114033006', '2025-03-13 08:16:13', '2025-03-13 08:16:13'),
	('IMG202503131024171', 'PROD202503131024171.jpg', 1, 'PROD20250313095617', 'CL20220114032959', '2025-03-13 08:24:17', '2025-03-13 08:24:17'),
	('IMG202503151117061', 'PROD202503151117061.jpg', 1, 'PROD20250313095617', 'CL20220114032959', '2025-03-15 09:17:06', '2025-03-15 09:17:06'),
	('IMG202503160342441', 'PROD202503160342441.jpg', 1, 'PROD20250313095617', 'CL20220114052738', '2025-03-16 01:42:44', '2025-03-16 01:42:44'),
	('IMG202503160348171', 'PROD202503160348171.jpg', 1, 'PROD20250313095617', 'CL20220114052738', '2025-03-16 01:48:17', '2025-03-16 01:48:17'),
	('IMG202503160349241', 'PROD202503160349241.jpg', 1, 'PROD20250313095617', 'CL20220114033006', '2025-03-16 01:49:24', '2025-03-16 01:49:24'),
	('IMG202503160401061', 'PROD202503160401061.jpg', 1, 'PROD20250313095617', 'CL20220114032959', '2025-03-16 02:01:06', '2025-03-16 02:01:06'),
	('IMG202503210906131', 'PROD202503210906121.jpg', 1, 'PROD20250321090613', 'CL20220114050515', '2025-03-21 07:06:13', '2025-03-21 07:06:13'),
	('IMG202503210952271', 'PROD202503210952271.jpg', 1, 'PROD20250321095227', '1', '2025-03-21 07:52:27', '2025-03-21 07:52:27'),
	('IMG202503210952273', 'PROD202503210952273.png', 1, 'PROD20250321095227', '1', '2025-03-21 07:52:27', '2025-03-21 07:52:27'),
	('IMG202503211001531', 'PROD202503211001531.png', 1, 'PROD20250321095227', 'CL20220114052738', '2025-03-21 08:01:53', '2025-03-21 08:01:53'),
	('IMG202503211001532', 'PROD202503211001532.png', 1, 'PROD20250321095227', 'CL20220114052738', '2025-03-21 08:01:53', '2025-03-21 08:01:53'),
	('IMG202503211032501', 'PROD202503211032501.png', 1, 'PROD20250321103250', 'CL20220114033006', '2025-03-21 08:32:50', '2025-03-21 08:32:50'),
	('IMG202503211039351', 'PROD202503211039351.png', 1, 'PROD20250321103935', 'CL20220114033006', '2025-03-21 08:39:35', '2025-03-21 08:39:35'),
	('IMG202504060831581', 'PROD202504060831581.jpg', 1, 'PROD20250406083158', 'CL20220114033006', '2025-04-05 18:31:58', '2025-04-05 18:31:58'),
	('IMG202504060932081', 'PROD202504060932081.jpg', 1, 'PROD20250406093208', 'CL20220114033006', '2025-04-05 19:32:08', '2025-04-05 19:32:08'),
	('IMG202504060935571', 'PROD202504060935571.jpg', 1, 'PROD20250406093557', 'CL20220114033006', '2025-04-05 19:35:57', '2025-04-05 19:35:57'),
	('IMG202504060938591', 'PROD202504060938591.jpg', 1, 'PROD20250406093859', 'CL20220114032959', '2025-04-05 19:38:59', '2025-04-05 19:38:59'),
	('IMG202504060950011', 'PROD202504060950011.jpg', 1, 'PROD20250406093859', 'CL20220114052738', '2025-04-05 19:50:01', '2025-04-05 19:50:01');

-- Dumping structure for table banmaylanh.members
CREATE TABLE IF NOT EXISTS `members` (
  `member_id` varchar(255) COLLATE utf8mb4_unicode_ci NOT NULL,
  `current_point` int(11) NOT NULL DEFAULT '0',
  `date_start_rank` date NOT NULL,
  `date_end_rank` date DEFAULT NULL,
  `user_id` varchar(255) COLLATE utf8mb4_unicode_ci NOT NULL,
  `rank_id` varchar(255) COLLATE utf8mb4_unicode_ci NOT NULL,
  `status` tinyint(1) DEFAULT '1',
  `token_devices` text COLLATE utf8mb4_unicode_ci,
  PRIMARY KEY (`member_id`)
) ENGINE=InnoDB DEFAULT CHARSET=utf8mb4 COLLATE=utf8mb4_unicode_ci;

-- Dumping data for table banmaylanh.members: ~3 rows (approximately)
INSERT INTO `members` (`member_id`, `current_point`, `date_start_rank`, `date_end_rank`, `user_id`, `rank_id`, `status`, `token_devices`) VALUES
	('MB220117032456', 2883, '2022-06-08', NULL, 'US220117082456', 'GOLD', 1, 'cVJLjk5rSWm7zTk0LQZUlz:APA91bHOGItm4swPt4zUzO8QwlSlYtPHfPYr2hHbjoDwz5j6crvANS0eXYRLDcn129-GShGi5ujlwSFsILwtKlyu_9Fm_ar_7QtSFiP-HabKgBb9Zng3SnboXMiAHsMvZ1SHMNhusKf8,dNSPxHDJQfK_ZKzu8Q1W_q:APA91bHrLEJFX2L17knOm_odvMG994VYDWzv9HDWKi44o127KL0Qlf6ICz_4OZpoQgRGVQubGTL9UFv5kbfu9zzyKq6K3Q54nmwNpAA1N5ixxiUxNiPxYQEVn9SNRc7i269CmYeGEfbV,ci5tNDTTQLSP0XH1XQs_pM:APA91bEZEMyLW4fHKqT98jTD8TGIarEWZUobeeotImgQD-Cy_-KQW5U4SGAoz08On2neId25AUJJMEbd1Nl7BsbbAG_oj2oKyV1q43PlIqUGdDCtZdHMgKUxp2cduSS5ufW6qnC9xccV,ftmLRqH0Rxq2tYtK9M--aJ:APA91bFgw2kQBLCxvrXplBJdXJ-DHfbYJDH5IUfiekfUwpOCSrTQUgFkEi34EhMiiS9qs-VO3NRsMldrrgprg_3PigTxca5R4tmMu-w5HXueSRV2TKRp4u3JjG_DbsGw4JaW18_FyBAW,dadq0KmKTrSdfKY8XDo2Up:APA91bG4vildQgA8x7-6XObaxl8ebyhrCQj_Ly19H0GzOVdaEXkyyWNZ-O6mK2CAjJtUbzcpzThdK64c5poAxFtsDWDfM4RGOhYMghmSvYYvWNCDTlHlDiK-hVarqmoXexobJypQ30LK'),
	('MB220117032526', 273, '2022-06-08', NULL, 'US220117082526', 'BRONZE', 1, 'c9YeZKh6TCucOPZQQ0kLKP:APA91bHkhnnL91ii7the-xZAcbwCNUkCJW9YLz_5sEURI42h5BnGJFG3frWIEVJlYc15R0gVieYxeg9h8K3mLalYWW-CqlMsraHBJSagJCyCu_w10EsEEQLqdQ69_OIx8_g7ef4AvrrT,dNSPxHDJQfK_ZKzu8Q1W_q:APA91bHrLEJFX2L17knOm_odvMG994VYDWzv9HDWKi44o127KL0Qlf6ICz_4OZpoQgRGVQubGTL9UFv5kbfu9zzyKq6K3Q54nmwNpAA1N5ixxiUxNiPxYQEVn9SNRc7i269CmYeGEfbV'),
	('MB220607122535', 275, '2022-06-08', NULL, 'US220607052535', 'BRONZE', 1, 'dadq0KmKTrSdfKY8XDo2Up:APA91bG4vildQgA8x7-6XObaxl8ebyhrCQj_Ly19H0GzOVdaEXkyyWNZ-O6mK2CAjJtUbzcpzThdK64c5poAxFtsDWDfM4RGOhYMghmSvYYvWNCDTlHlDiK-hVarqmoXexobJypQ30LK'),
	('MB250316040526', 0, '2025-03-16', NULL, 'US250316090525', 'BRONZE', 1, NULL);

-- Dumping structure for table banmaylanh.member_discount_categories
CREATE TABLE IF NOT EXISTS `member_discount_categories` (
  `id` bigint(20) unsigned NOT NULL AUTO_INCREMENT,
  `user_id` bigint(20) NOT NULL,
  `discount_id` bigint(20) NOT NULL,
  `created_at` timestamp NULL DEFAULT NULL,
  `updated_at` timestamp NULL DEFAULT NULL,
  PRIMARY KEY (`id`)
) ENGINE=InnoDB DEFAULT CHARSET=utf8mb4 COLLATE=utf8mb4_unicode_ci;

-- Dumping data for table banmaylanh.member_discount_categories: ~0 rows (approximately)

-- Dumping structure for table banmaylanh.migrations
CREATE TABLE IF NOT EXISTS `migrations` (
  `id` int(10) unsigned NOT NULL AUTO_INCREMENT,
  `migration` varchar(255) COLLATE utf8mb4_unicode_ci NOT NULL,
  `batch` int(11) NOT NULL,
  PRIMARY KEY (`id`)
) ENGINE=InnoDB AUTO_INCREMENT=51 DEFAULT CHARSET=utf8mb4 COLLATE=utf8mb4_unicode_ci;

-- Dumping data for table banmaylanh.migrations: ~50 rows (approximately)
INSERT INTO `migrations` (`id`, `migration`, `batch`) VALUES
	(1, '2019_12_14_000001_create_personal_access_tokens_table', 1),
	(2, '2021_10_11_000000_create_users_table', 1),
	(3, '2021_10_11_000001_create_roles_table', 1),
	(4, '2021_10_11_000002_create_activity_histories_table', 1),
	(5, '2021_10_11_000003_create_members_table', 1),
	(6, '2021_10_11_000004_create_ranks_table', 1),
	(7, '2021_10_11_000005_create_discount_categories_table', 1),
	(8, '2021_10_11_000006_create_vouchers_table', 1),
	(9, '2021_10_11_000007_create_categories_table', 1),
	(10, '2021_10_11_000008_create_products_table', 1),
	(11, '2021_10_11_000009_create_colors_table', 1),
	(12, '2021_10_11_000010_create_images_table', 1),
	(13, '2021_10_11_000011_create_product_details_table', 1),
	(14, '2021_10_11_000012_create_bills_table', 1),
	(15, '2021_10_11_000013_create_bill_details_table', 1),
	(16, '2021_10_11_000014_create_sizes_table', 1),
	(17, '2021_10_11_000015_create_stocks_table', 1),
	(18, '2021_10_11_000016_create_rates_table', 1),
	(19, '2021_10_11_000017_create_voucher_members_table', 1),
	(20, '2021_10_11_000018_create_carts_table', 1),
	(21, '2021_10_11_000019_create_favourites_table', 1),
	(22, '2021_10_11_000020_create_producers_table', 1),
	(23, '2021_10_11_000021_create_bill_orders_table', 1),
	(24, '2021_10_11_000022_create_bill_order_details_table', 1),
	(25, '2021_10_11_000023_create_stock_details_table', 1),
	(26, '2021_10_11_000024_create_notifications_table', 1),
	(27, '2021_11_11_000001_create_role_id_to_users_table', 1),
	(28, '2021_11_11_000002_create_user_id_to_activity_histories_table', 1),
	(29, '2021_11_11_000003_create_user_id_and_rank_id_to_members_table', 1),
	(30, '2021_11_11_000004_create_category_id_and_rank_id_to_discount_categories_table', 1),
	(31, '2021_11_11_000005_create_category_id_to_sizes_table', 1),
	(32, '2021_11_11_000006_create_category_id_and_producer_id_to_products_table', 1),
	(33, '2021_11_11_000007_create_product_id_and_color_id_to_images_table', 1),
	(34, '2021_11_11_000008_create_product_id_and_size_id_and_color_id_to_product_details_table', 1),
	(35, '2021_11_11_000009_create_member_id_and_code_to_bills_table', 1),
	(36, '2021_11_11_000010_create_bill_id_and_product_detail_id_to_bill_details_table', 1),
	(37, '2021_11_11_000011_create_member_id_and_product_id_to_rates_table', 1),
	(38, '2021_11_11_000012_create_stock_id_and_product_detail_id_to_stock_details_table', 1),
	(39, '2021_11_11_000013_create_product_detail_id_and_bill_order_id_to_bill_order_details_table', 1),
	(40, '2021_11_11_000014_create_member_id_and_product_detail_id_to_favourites_table', 1),
	(41, '2021_11_11_000015_create_member_id_and_product_detail_id_to_carts_table', 1),
	(42, '2021_11_11_000016_create_stock_id_and_producer_id_and_user_id_to_bill_orders_table', 1),
	(43, '2021_12_07_095339_create_code_and_member_id_to_voucher_members_table', 1),
	(44, '2021_12_28_072448_create_code_resets_table', 1),
	(45, '2021_12_28_095339_create_user_id_to_code_resets_table', 1),
	(46, '2021_12_28_095340_create_member_id_to_notifications_table', 1),
	(47, '2022_06_27_125749_create_address_table', 1),
	(48, '2022_06_27_130843_create_member_id_to_address_table', 1),
	(49, '2022_09_09_130102_create_member_discount_categories_table', 1),
	(50, '2022_09_09_134654_add_saleoff_in_stock_details', 1);

-- Dumping structure for table banmaylanh.notifications
CREATE TABLE IF NOT EXISTS `notifications` (
  `notification_id` varchar(255) COLLATE utf8mb4_unicode_ci NOT NULL,
  `title` varchar(255) COLLATE utf8mb4_unicode_ci NOT NULL,
  `body` text COLLATE utf8mb4_unicode_ci NOT NULL,
  `member_id` varchar(255) COLLATE utf8mb4_unicode_ci NOT NULL,
  `status` int(11) NOT NULL DEFAULT '0',
  `created_at` timestamp NULL DEFAULT NULL,
  `updated_at` timestamp NULL DEFAULT NULL,
  PRIMARY KEY (`notification_id`)
) ENGINE=InnoDB DEFAULT CHARSET=utf8mb4 COLLATE=utf8mb4_unicode_ci;

-- Dumping data for table banmaylanh.notifications: ~2 rows (approximately)
INSERT INTO `notifications` (`notification_id`, `title`, `body`, `member_id`, `status`, `created_at`, `updated_at`) VALUES
	('NTF220211072355', 'PTP Store Thông Báo', 'Đơn hàng của bạn đã được xác nhận, và đang giao', 'MB220117032456', 1, '2025-03-13 14:34:57', '2025-03-13 14:34:57'),
	('NTF220211072405', 'PTP Store Thông Báo', 'Đơn hàng của bạn đã được giao thành công, Vui lòng kiểm tra đơn hàng của bạn', 'MB220117032456', 1, '2025-03-13 14:34:57', '2025-03-13 14:34:57');

-- Dumping structure for table banmaylanh.personal_access_tokens
CREATE TABLE IF NOT EXISTS `personal_access_tokens` (
  `id` bigint(20) unsigned NOT NULL AUTO_INCREMENT,
  `tokenable_type` varchar(255) COLLATE utf8mb4_unicode_ci NOT NULL,
  `tokenable_id` bigint(20) unsigned NOT NULL,
  `name` varchar(255) COLLATE utf8mb4_unicode_ci NOT NULL,
  `token` varchar(64) COLLATE utf8mb4_unicode_ci NOT NULL,
  `abilities` text COLLATE utf8mb4_unicode_ci,
  `last_used_at` timestamp NULL DEFAULT NULL,
  `created_at` timestamp NULL DEFAULT NULL,
  `updated_at` timestamp NULL DEFAULT NULL,
  PRIMARY KEY (`id`),
  UNIQUE KEY `personal_access_tokens_token_unique` (`token`),
  KEY `personal_access_tokens_tokenable_type_tokenable_id_index` (`tokenable_type`,`tokenable_id`)
) ENGINE=InnoDB DEFAULT CHARSET=utf8mb4 COLLATE=utf8mb4_unicode_ci;

-- Dumping data for table banmaylanh.personal_access_tokens: ~0 rows (approximately)

-- Dumping structure for table banmaylanh.producers
CREATE TABLE IF NOT EXISTS `producers` (
  `producer_id` varchar(255) COLLATE utf8mb4_unicode_ci NOT NULL,
  `producer_name` varchar(255) COLLATE utf8mb4_unicode_ci NOT NULL,
  `phone` varchar(255) COLLATE utf8mb4_unicode_ci NOT NULL,
  `address` varchar(255) COLLATE utf8mb4_unicode_ci NOT NULL,
  `status` tinyint(1) NOT NULL DEFAULT '1',
  PRIMARY KEY (`producer_id`),
  UNIQUE KEY `producers_producer_name_unique` (`producer_name`),
  UNIQUE KEY `producers_phone_unique` (`phone`)
) ENGINE=InnoDB DEFAULT CHARSET=utf8mb4 COLLATE=utf8mb4_unicode_ci;

-- Dumping data for table banmaylanh.producers: ~1 rows (approximately)
INSERT INTO `producers` (`producer_id`, `producer_name`, `phone`, `address`, `status`) VALUES
	('PDC20250313093648', 'Samsung', '0954545452', '261 III, phuoc long B, 9 district, Hcm, Viet Nam', 1);

-- Dumping structure for table banmaylanh.products
CREATE TABLE IF NOT EXISTS `products` (
  `product_id` varchar(255) COLLATE utf8mb4_unicode_ci NOT NULL,
  `product_name` varchar(255) COLLATE utf8mb4_unicode_ci NOT NULL,
  `price` bigint(20) NOT NULL,
  `status` tinyint(1) DEFAULT '1',
  `category_id` varchar(255) COLLATE utf8mb4_unicode_ci NOT NULL,
  `producer_id` varchar(255) COLLATE utf8mb4_unicode_ci NOT NULL,
  `product_img` varchar(255) COLLATE utf8mb4_unicode_ci NOT NULL,
  `description` longtext COLLATE utf8mb4_unicode_ci NOT NULL,
  `created_at` timestamp NULL DEFAULT NULL,
  `updated_at` timestamp NULL DEFAULT NULL,
  PRIMARY KEY (`product_id`),
  FULLTEXT KEY `search` (`product_name`)
) ENGINE=InnoDB DEFAULT CHARSET=utf8mb4 COLLATE=utf8mb4_unicode_ci;

-- Dumping data for table banmaylanh.products: ~9 rows (approximately)
INSERT INTO `products` (`product_id`, `product_name`, `price`, `status`, `category_id`, `producer_id`, `product_img`, `description`, `created_at`, `updated_at`) VALUES
	('PROD20250313095617', 'Máy Lạnh 2123', 0, 1, 'CATE20250313214839', 'PDC20250313093648', 'PROD202503130956171.jpg', 'Máy lạnh rất ok', '2025-03-13 07:56:17', '2025-03-13 07:56:17'),
	('PROD20250321090613', 'Máy Lạnh 2HP new test', 0, 1, 'CATE20250313214839', 'PDC20250313093648', 'PROD202503210906121.jpg', 'Sản Sản phẩm cao cấp đến từ abcd\r\nSản Sản phẩm cao cấp đến từ abcd\r\nSản Sản phẩm cao cấp đến từ abcd\r\nSản Sản phẩm cao cấp đến từ abcd\r\nSản Sản phẩm cao cấp đến từ abcd', '2025-03-21 07:06:13', '2025-03-21 07:06:13'),
	('PROD20250321095227', 'Máy Lạnh HiTachi', 0, 1, 'CATE20250313214839', 'PDC20250313093648', 'PROD202503210952271.jpg', 'abcd', '2025-03-21 07:52:27', '2025-03-21 07:52:27'),
	('PROD20250321103250', 'aaaaa', 0, 1, 'CATE20250313214938', 'PDC20250313093648', 'PROD202503211032501.png', 'abababbaa', '2025-03-21 08:32:50', '2025-03-21 08:32:50'),
	('PROD20250321103935', 'test', 0, 1, 'CATE20250313214839', 'PDC20250313093648', 'PROD202503211039351.png', 'test', '2025-03-21 08:39:35', '2025-03-21 08:39:35'),
	('PROD20250406083158', 'may lanh samsung 1 hp abcd', 0, 1, 'CATE20250313214839', 'PDC20250313093648', 'PROD202504060831581.jpg', 'abcd efh ght inbanajakallahjkalal', '2025-04-05 18:31:58', '2025-04-05 18:31:58'),
	('PROD20250406093208', 'máy lạnh abcd', 0, 1, 'CATE20250313214839', 'PDC20250313093648', 'PROD202504060932081.jpg', 'zzzz', '2025-04-05 19:32:08', '2025-04-05 19:32:08'),
	('PROD20250406093557', 'anc', 0, 1, 'CATE20250313214839', 'PDC20250313093648', 'PROD202504060935571.jpg', 'sssss', '2025-04-05 19:35:57', '2025-04-05 19:35:57'),
	('PROD20250406093859', 'tich test', 0, 1, 'CATE20250313214839', 'PDC20250313093648', 'PROD202504060938591.jpg', 'dau cha', '2025-04-05 19:38:59', '2025-04-05 19:38:59');

-- Dumping structure for table banmaylanh.product_details
CREATE TABLE IF NOT EXISTS `product_details` (
  `product_detail_id` varchar(255) COLLATE utf8mb4_unicode_ci NOT NULL,
  `product_id` varchar(255) COLLATE utf8mb4_unicode_ci DEFAULT NULL,
  `size_id` varchar(255) COLLATE utf8mb4_unicode_ci DEFAULT NULL,
  `color_id` varchar(255) COLLATE utf8mb4_unicode_ci DEFAULT NULL,
  `price_produced` bigint(20) DEFAULT NULL,
  `power` bigint(20) DEFAULT NULL,
  `power_unit` bigint(20) DEFAULT NULL,
  `status` tinyint(1) DEFAULT '1',
  `price_produced_for_sale` bigint(20) DEFAULT NULL,
  PRIMARY KEY (`product_detail_id`)
) ENGINE=InnoDB DEFAULT CHARSET=utf8mb4 COLLATE=utf8mb4_unicode_ci;

-- Dumping data for table banmaylanh.product_details: ~13 rows (approximately)
INSERT INTO `product_details` (`product_detail_id`, `product_id`, `size_id`, `color_id`, `price_produced`, `power`, `power_unit`, `status`, `price_produced_for_sale`) VALUES
	('PROD20250313095617_SIZE20220114033140_CL20220114033006', 'PROD20250313095617', 'SIZE20220114033140', 'CL20220114033006', 65000, NULL, NULL, 1, NULL),
	('PROD20250313095617_SIZE20220114033140_CL20220114051420', 'PROD20250313095617', 'SIZE20220114033140', 'CL20220114051420', 100000, NULL, NULL, 1, NULL),
	('PROD20250321090613SIZE20220114033148CL20220114050515', 'PROD20250321090613', 'SIZE20220114033148', 'CL20220114050515', 75000, NULL, NULL, 1, NULL),
	('PROD20250321095227_CL20220114052738', 'PROD20250321095227', NULL, 'CL20220114052738', NULL, NULL, NULL, 1, NULL),
	('PROD20250321103250CL20220114033006', 'PROD20250321103250', NULL, 'CL20220114033006', 10000, NULL, NULL, 1, NULL),
	('PROD20250321103935SIZE20220114033140CL20220114033006', 'PROD20250321103935', 'SIZE20220114033140', 'CL20220114033006', 10000, NULL, NULL, 1, NULL),
	('PROD20250321103935SIZE20220114033148CL20220114033006', 'PROD20250321103935', 'SIZE20220114033148', 'CL20220114033006', 10000, NULL, NULL, 1, NULL),
	('PROD20250406083158SIZE20220114033140CL20220114033006', 'PROD20250406083158', 'SIZE20220114033140', 'CL20220114033006', 5000, NULL, NULL, 1, NULL),
	('PROD20250406083158SIZE20220114033148CL20220114033006', 'PROD20250406083158', 'SIZE20220114033148', 'CL20220114033006', 5000, NULL, NULL, 1, NULL),
	('PROD20250406083158SIZE20220114033155CL20220114033006', 'PROD20250406083158', 'SIZE20220114033155', 'CL20220114033006', 5000, NULL, NULL, 1, NULL),
	('PROD20250406093208SIZE20220114033148CL20220114033006', 'PROD20250406093208', 'SIZE20220114033148', 'CL20220114033006', 1200, NULL, NULL, 1, NULL),
	('PROD20250406093557CL20220114033006', 'PROD20250406093557', NULL, 'CL20220114033006', 1000, NULL, NULL, 1, NULL),
	('PROD20250406093859SIZE20220114033140CL20220114032959', 'PROD20250406093859', 'SIZE20220114033140', 'CL20220114032959', 1000, 20, 1, 1, NULL),
	('PROD20250406093859SIZE20220114033155CL20220114052738', 'PROD20250406093859', 'SIZE20220114033155', 'CL20220114052738', 10, 20, 1, 1, NULL);

-- Dumping structure for table banmaylanh.ranks
CREATE TABLE IF NOT EXISTS `ranks` (
  `rank_id` varchar(255) COLLATE utf8mb4_unicode_ci NOT NULL,
  `rank_name` varchar(255) COLLATE utf8mb4_unicode_ci NOT NULL,
  `point` int(11) NOT NULL,
  `status` tinyint(1) DEFAULT '1',
  `created_at` timestamp NULL DEFAULT NULL,
  `updated_at` timestamp NULL DEFAULT NULL,
  PRIMARY KEY (`rank_id`),
  UNIQUE KEY `ranks_rank_name_unique` (`rank_name`)
) ENGINE=InnoDB DEFAULT CHARSET=utf8mb4 COLLATE=utf8mb4_unicode_ci;

-- Dumping data for table banmaylanh.ranks: ~7 rows (approximately)
INSERT INTO `ranks` (`rank_id`, `rank_name`, `point`, `status`, `created_at`, `updated_at`) VALUES
	('BRONZE', 'Đồng', 0, 1, '2022-01-14 01:28:37', '2022-01-14 01:28:37'),
	('CHAMPION', 'Quán Quân', 10000, 1, '2022-01-14 01:28:37', '2022-01-14 01:28:37'),
	('DIAMOND', 'Kim Cương', 3500, 1, '2022-01-14 01:28:37', '2022-01-14 01:28:37'),
	('GOLD', 'Vàng', 1200, 1, '2022-01-14 01:28:37', '2022-01-14 01:28:37'),
	('LEGENDARY', 'Huyền Thoại', 5000, 1, '2022-02-14 20:06:20', '2022-03-25 20:06:20'),
	('PLATINUM', 'Bạch Kim', 1800, 1, '2022-01-14 01:28:37', '2022-01-14 01:28:37'),
	('SLIVER', 'Bạc', 500, 1, '2022-01-14 01:28:37', '2022-01-14 01:28:37');

-- Dumping structure for table banmaylanh.rates
CREATE TABLE IF NOT EXISTS `rates` (
  `rate_id` varchar(255) COLLATE utf8mb4_unicode_ci NOT NULL,
  `member_id` varchar(255) COLLATE utf8mb4_unicode_ci NOT NULL,
  `product_id` varchar(255) COLLATE utf8mb4_unicode_ci NOT NULL,
  `star` int(10) unsigned NOT NULL DEFAULT '5',
  `comment` varchar(255) COLLATE utf8mb4_unicode_ci DEFAULT NULL,
  `date_rate` date NOT NULL,
  `status` tinyint(1) NOT NULL DEFAULT '1',
  `like` int(11) NOT NULL DEFAULT '0',
  PRIMARY KEY (`rate_id`)
) ENGINE=InnoDB DEFAULT CHARSET=utf8mb4 COLLATE=utf8mb4_unicode_ci;

-- Dumping data for table banmaylanh.rates: ~0 rows (approximately)
INSERT INTO `rates` (`rate_id`, `member_id`, `product_id`, `star`, `comment`, `date_rate`, `status`, `like`) VALUES
	('MB220117032456PROD2022011404565220220226075901', 'MB220117032456', 'PROD20220114045652', 5, 'Sản phẩm rất đẹp, cảm ơn shop ạ.', '2025-03-13', 1, 10);

-- Dumping structure for table banmaylanh.roles
CREATE TABLE IF NOT EXISTS `roles` (
  `role_id` varchar(255) COLLATE utf8mb4_unicode_ci NOT NULL,
  `role_name` varchar(255) COLLATE utf8mb4_unicode_ci NOT NULL,
  `status` tinyint(1) DEFAULT '1',
  `created_at` timestamp NULL DEFAULT NULL,
  `updated_at` timestamp NULL DEFAULT NULL,
  PRIMARY KEY (`role_id`),
  UNIQUE KEY `roles_role_name_unique` (`role_name`)
) ENGINE=InnoDB DEFAULT CHARSET=utf8mb4 COLLATE=utf8mb4_unicode_ci;

-- Dumping data for table banmaylanh.roles: ~2 rows (approximately)
INSERT INTO `roles` (`role_id`, `role_name`, `status`, `created_at`, `updated_at`) VALUES
	('AD', 'ADMIN', 1, '2022-01-14 01:27:24', '2022-01-14 01:27:24'),
	('MB', 'MEMBER', 1, '2022-01-14 01:27:15', '2022-01-14 01:27:15');

-- Dumping structure for table banmaylanh.sizes
CREATE TABLE IF NOT EXISTS `sizes` (
  `size_id` varchar(255) COLLATE utf8mb4_unicode_ci NOT NULL,
  `size_name` varchar(255) COLLATE utf8mb4_unicode_ci NOT NULL,
  `category_id` varchar(255) COLLATE utf8mb4_unicode_ci NOT NULL,
  `status` tinyint(1) DEFAULT '1',
  PRIMARY KEY (`size_id`)
) ENGINE=InnoDB DEFAULT CHARSET=utf8mb4 COLLATE=utf8mb4_unicode_ci;

-- Dumping data for table banmaylanh.sizes: ~4 rows (approximately)
INSERT INTO `sizes` (`size_id`, `size_name`, `category_id`, `status`) VALUES
	('SIZE20220114033024', 'Free Size', 'CATE20250313214938', 1),
	('SIZE20220114033140', 'S', 'CATE20250313214839', 1),
	('SIZE20220114033148', 'M', 'CATE20250313214839', 1),
	('SIZE20220114033155', 'L', 'CATE20250313214839', 1);

-- Dumping structure for table banmaylanh.stocks
CREATE TABLE IF NOT EXISTS `stocks` (
  `stock_id` varchar(255) COLLATE utf8mb4_unicode_ci NOT NULL,
  `address` varchar(255) COLLATE utf8mb4_unicode_ci NOT NULL,
  `status` tinyint(1) NOT NULL DEFAULT '1',
  PRIMARY KEY (`stock_id`)
) ENGINE=InnoDB DEFAULT CHARSET=utf8mb4 COLLATE=utf8mb4_unicode_ci;

-- Dumping data for table banmaylanh.stocks: ~0 rows (approximately)
INSERT INTO `stocks` (`stock_id`, `address`, `status`) VALUES
	('STOCK01', 'TP HCM', 1);

-- Dumping structure for table banmaylanh.stock_details
CREATE TABLE IF NOT EXISTS `stock_details` (
  `stock_detail_id` varchar(255) COLLATE utf8mb4_unicode_ci NOT NULL,
  `stock_id` varchar(255) COLLATE utf8mb4_unicode_ci NOT NULL,
  `product_detail_id` varchar(255) COLLATE utf8mb4_unicode_ci NOT NULL,
  `quantity` int(10) unsigned NOT NULL,
  `price_pay` bigint(20) NOT NULL,
  `total_price` bigint(20) NOT NULL,
  `sale_off` double NOT NULL DEFAULT '0',
  `status` tinyint(1) NOT NULL DEFAULT '1',
  PRIMARY KEY (`stock_detail_id`)
) ENGINE=InnoDB DEFAULT CHARSET=utf8mb4 COLLATE=utf8mb4_unicode_ci;

-- Dumping data for table banmaylanh.stock_details: ~3 rows (approximately)
INSERT INTO `stock_details` (`stock_detail_id`, `stock_id`, `product_detail_id`, `quantity`, `price_pay`, `total_price`, `sale_off`, `status`) VALUES
	('STOCK01PROD20220114045652SIZE20220114033140CL20220114032959', 'STOCK01', 'PROD20220114045652SIZE20220114033140CL20220114032959', 70, 500000, 35000000, 0, 1),
	('STOCK01PROD20220114045652SIZE20220114033148CL20220114032959', 'STOCK01', 'PROD20220114045652SIZE20220114033148CL20220114032959', 100, 500000, 50000000, 0, 1),
	('STOCK01PROD20220114045652SIZE20220114033155CL20220114032959', 'STOCK01', 'PROD20220114045652SIZE20220114033155CL20220114032959', 170, 360000, 27000000, 0, 1),
	('STOCK01PROD20250313095617_SIZE20220114033140_CL20220114033006', 'STOCK01', 'PROD20250313095617_SIZE20220114033140_CL20220114033006', 100, 66000, 66000, 0, 1);

-- Dumping structure for table banmaylanh.users
CREATE TABLE IF NOT EXISTS `users` (
  `user_id` varchar(255) COLLATE utf8mb4_unicode_ci NOT NULL,
  `username` varchar(255) COLLATE utf8mb4_unicode_ci NOT NULL,
  `password` varchar(255) COLLATE utf8mb4_unicode_ci NOT NULL,
  `full_name` varchar(255) COLLATE utf8mb4_unicode_ci NOT NULL,
  `email` varchar(255) COLLATE utf8mb4_unicode_ci DEFAULT NULL,
  `address` varchar(255) COLLATE utf8mb4_unicode_ci DEFAULT NULL,
  `birth_day` date DEFAULT NULL,
  `phone` varchar(255) COLLATE utf8mb4_unicode_ci NOT NULL,
  `image` varchar(255) COLLATE utf8mb4_unicode_ci NOT NULL,
  `role_id` varchar(255) COLLATE utf8mb4_unicode_ci NOT NULL,
  `status` tinyint(1) NOT NULL DEFAULT '1',
  `created_at` timestamp NULL DEFAULT NULL,
  `updated_at` timestamp NULL DEFAULT NULL,
  PRIMARY KEY (`user_id`),
  UNIQUE KEY `users_username_unique` (`username`),
  UNIQUE KEY `users_phone_unique` (`phone`),
  UNIQUE KEY `users_email_unique` (`email`)
) ENGINE=InnoDB DEFAULT CHARSET=utf8mb4 COLLATE=utf8mb4_unicode_ci;

-- Dumping data for table banmaylanh.users: ~4 rows (approximately)
INSERT INTO `users` (`user_id`, `username`, `password`, `full_name`, `email`, `address`, `birth_day`, `phone`, `image`, `role_id`, `status`, `created_at`, `updated_at`) VALUES
	('US220114082734', 'admin', '$2y$10$2H3zezikaxV5BjH62uzh5uRJMTH0y2V5pbL36hQSWm6Qodvzy3Ly2', 'PTP STORE', 'ptpstore.050914@gmail.com', 'TP HCM', '0000-00-00', '099999999', 'admin.png', 'AD', 1, '2022-03-25 17:00:00', '2022-03-25 17:00:00'),
	('US220117082456', '0309090300', '$2y$10$4/D8GC7Uew8Ux3UsNYHpZemLYHklfwXoSne3JKoTKOtB1nrUftw/G', 'Phạm Tấn Tài', 'phamtantai@gmail.com', 'Vũng Tàu', '0000-00-00', '0309090300', 'member.png', 'MB', 1, '2025-03-13 14:34:57', '2025-03-13 14:34:57'),
	('US220117082526', '0309030933', '$2y$10$igCRM.uuHqpF6W1qWixAIuFvXOB3wzat6Fc539uK.K.3WfRSQXy0O', 'Trần Minh Phường', 'minhphuongk57.coder.it@gmail.com', 'Đồng Tháp', '0000-00-00', '0309030933', 'member.png', 'MB', 1, '2025-03-13 14:34:57', '2025-03-13 14:34:57'),
	('US220607052535', '0303999999', '$2y$10$j9SUXp6iXbznbR.U.lcJ7.gfTcfmxg83qxFwmENyzQI7C8QHYd5t6', 'Member Example', 'member.example@gmail.com', 'Địa Chỉ', '0000-00-00', '0303999999', 'member.png', 'MB', 1, '2025-03-13 14:34:57', '2025-03-13 14:34:57'),
	('US250316090525', '0974954543', '$2y$10$es41GMvd4tcq/Cck25cO6.bUHOWXk0kJJcP45i2dYTDaLyyPsYGbS', 'Le Tich', 'tichloantichloan@gmail.com', '261 III, phuoc long B, 9 district, Hcm, Viet Nam', '2025-03-11', '0974954543', 'member.png', 'MB', 1, '2025-03-16 02:05:26', '2025-03-16 02:05:26');

-- Dumping structure for table banmaylanh.vouchers
CREATE TABLE IF NOT EXISTS `vouchers` (
  `code` varchar(255) COLLATE utf8mb4_unicode_ci NOT NULL,
  `sale_off` double(5,2) NOT NULL,
  `max_price` double NOT NULL,
  `max_used` int(11) NOT NULL,
  `date_start` date NOT NULL,
  `date_end` date NOT NULL,
  `status` tinyint(1) NOT NULL DEFAULT '1',
  PRIMARY KEY (`code`)
) ENGINE=InnoDB DEFAULT CHARSET=utf8mb4 COLLATE=utf8mb4_unicode_ci;

-- Dumping data for table banmaylanh.vouchers: ~6 rows (approximately)
INSERT INTO `vouchers` (`code`, `sale_off`, `max_price`, `max_used`, `date_start`, `date_end`, `status`) VALUES
	('KHUYENMAIDACBIET-220120050530', 0.50, 25000, 50, '2022-06-08', '2022-07-09', 0),
	('KHUYENMAIDACBIET2-220120050856', 0.50, 25000, 50, '2022-07-09', '2022-08-10', 0),
	('KHUYENMAIDACBIET222-220211123436', 0.70, 500000, 20, '2022-08-11', '2022-09-12', 0),
	('KHUYENMAIDACBIET333-220213080335', 0.80, 75000, 150, '2022-08-11', '2022-09-12', 0),
	('KHUYENMAIDACBIETCONMEO-220213074903', 0.50, 10000, 3000, '2022-08-11', '2022-09-12', 0),
	('KHUYENMAITHANG52022-220513082726', 0.40, 30000, 100, '2022-08-11', '2022-09-12', 0);

-- Dumping structure for table banmaylanh.voucher_members
CREATE TABLE IF NOT EXISTS `voucher_members` (
  `id` bigint(20) unsigned NOT NULL AUTO_INCREMENT,
  `code` varchar(255) COLLATE utf8mb4_unicode_ci NOT NULL,
  `member_id` varchar(255) COLLATE utf8mb4_unicode_ci NOT NULL,
  `status` tinyint(1) DEFAULT '1',
  PRIMARY KEY (`id`)
) ENGINE=InnoDB AUTO_INCREMENT=7 DEFAULT CHARSET=utf8mb4 COLLATE=utf8mb4_unicode_ci;

-- Dumping data for table banmaylanh.voucher_members: ~6 rows (approximately)
INSERT INTO `voucher_members` (`id`, `code`, `member_id`, `status`) VALUES
	(1, 'KHUYENMAIDACBIET-220120050530', 'MB220117032456', 0),
	(2, 'KHUYENMAIDACBIET-220120050530', 'MB220117032526', 0),
	(3, 'KHUYENMAIDACBIET2-220120050856', 'MB220117032456', 0),
	(4, 'KHUYENMAIDACBIET222-220211123436', 'MB220117032456', 0),
	(5, 'KHUYENMAIDACBIETCONMEO-220213074903', 'MB220117032456', 0),
	(6, 'KHUYENMAIDACBIET333-220213080335', 'MB220117032456', 0);

/*!40103 SET TIME_ZONE=IFNULL(@OLD_TIME_ZONE, 'system') */;
/*!40101 SET SQL_MODE=IFNULL(@OLD_SQL_MODE, '') */;
/*!40014 SET FOREIGN_KEY_CHECKS=IFNULL(@OLD_FOREIGN_KEY_CHECKS, 1) */;
/*!40101 SET CHARACTER_SET_CLIENT=@OLD_CHARACTER_SET_CLIENT */;
/*!40111 SET SQL_NOTES=IFNULL(@OLD_SQL_NOTES, 1) */;
